filename,weather_label,weather_proba_volcanic
Suki_Canon_2014-10-13_17.13.14 2.jpg,1,0.6166666666666667
Suki_Canon_2014-10-13_17.13.14.jpg,0,0.32666666666666666
kalor_Canon_2014-10-13_17.13.07 2.jpg,1,0.66
kalor_Canon_2014-10-13_17.13.07.jpg,0,0.37
Suki_Canon_2014-10-13_21.11.10 2.jpg,1,0.6966666666666667
Suki_Canon_2014-10-13_21.11.10.jpg,0,0.48
Kalor_Canon_2014-10-13_22.12.53 2.jpg,1,0.6466666666666666
Kalor_Canon_2014-10-13_22.12.53.jpg,1,0.6233333333333333
Suki_Canon_2014-10-13_22.12.42 2.jpg,1,0.7133333333333334
Suki_Canon_2014-10-13_22.12.42.jpg,1,0.63
Kalor_Canon_2014-10-14_00.12.52 2.jpg,0,0.30666666666666664
Kalor_Canon_2014-10-14_00.12.52.jpg,0,0.24666666666666667
Suki_Canon_2014-10-14_00.12.42 2.jpg,0,0.30666666666666664
Suki_Canon_2014-10-14_00.12.42.jpg,0,0.25666666666666665
Kalor_Canon_2014-10-14_01.12.31 2.jpg,0,0.29
Kalor_Canon_2014-10-14_01.12.31.jpg,0,0.23333333333333334
Suki_Canon_2014-10-14_01.12.42 2.jpg,0,0.39666666666666667
Suki_Canon_2014-10-14_01.12.42.jpg,0,0.39666666666666667
Kalor_Canon_2014-10-14_02.12.31 2.jpg,0,0.2733333333333333
Kalor_Canon_2014-10-14_02.12.31.jpg,0,0.20666666666666667
Suki_Canon_2014-10-14_02.12.42 2.jpg,0,0.23
Suki_Canon_2014-10-14_02.12.42.jpg,0,0.24333333333333335
Suki_Canon_2014-10-14_08.12.41 2.jpg,0,0.2633333333333333
Suki_Canon_2014-10-14_08.12.41.jpg,0,0.06
Suki_Canon_2014-10-14_17.13.14 2.jpg,1,0.5266666666666666
Suki_Canon_2014-10-14_17.13.14.jpg,0,0.2733333333333333
Suki_Canon_2014-10-15_01.12.40 2.jpg,0,0.26
Suki_Canon_2014-10-15_01.12.40.jpg,0,0.26
Kalor_Canon_2014-10-15_05.12.31 2.jpg,0,0.21333333333333335
Kalor_Canon_2014-10-15_05.12.31.jpg,0,0.15666666666666668
Suki_Canon_2014-10-15_05.12.42 2.jpg,0,0.24666666666666667
Suki_Canon_2014-10-15_05.12.42.jpg,0,0.24333333333333335
Suki_Canon_2014-10-15_08.12.42 2.jpg,0,0.23333333333333334
Suki_Canon_2014-10-15_08.12.42.jpg,0,0.06
Suki_Canon_2014-10-16_00.12.41 2.jpg,0,0.30666666666666664
Suki_Canon_2014-10-16_00.12.41.jpg,0,0.43666666666666665
Suki_Canon_2014-10-16_02.12.42 2.jpg,0,0.2733333333333333
Suki_Canon_2014-10-16_02.12.42.jpg,0,0.23666666666666666
Kalor_Canon_2014-10-16_11.13.05 2.jpg,0,0.16
Kalor_Canon_2014-10-16_11.13.05.jpg,0,0.2
Suki_Canon_2014-10-16_17.13.15 2.jpg,1,0.6066666666666667
Suki_Canon_2014-10-16_17.13.15.jpg,0,0.2833333333333333
Suki_Canon_2014-10-16_22.12.42 2.jpg,1,0.7066666666666667
Suki_Canon_2014-10-16_22.12.42.jpg,1,0.6433333333333333
Suki_Canon_2014-10-17_00.12.41 2.jpg,0,0.30666666666666664
Suki_Canon_2014-10-17_00.12.41.jpg,0,0.25
Suki_Canon_2014-10-17_01.12.41 2.jpg,0,0.26
Suki_Canon_2014-10-17_01.12.41.jpg,0,0.2833333333333333
Kalor_Canon_2014-10-17_02.12.31 2.jpg,0,0.2733333333333333
Kalor_Canon_2014-10-17_02.12.31.jpg,0,0.2833333333333333
Suki_Canon_2014-10-17_02.12.41 2.jpg,0,0.27
Suki_Canon_2014-10-17_02.12.41.jpg,0,0.3466666666666667
Kalor_Canon_2014-10-17_05.12.31 2.jpg,0,0.2833333333333333
Kalor_Canon_2014-10-17_05.12.31.jpg,0,0.24333333333333335
Suki_Canon_2014-10-17_08.12.41 2.jpg,0,0.2966666666666667
Suki_Canon_2014-10-17_08.12.41.jpg,0,0.35
Suki_Canon_2014-10-17_17.13.15 2.jpg,1,0.61
Suki_Canon_2014-10-17_17.13.15.jpg,1,0.53
Suki_Canon_2014-10-17_22.12.43 2.jpg,1,0.7066666666666667
Suki_Canon_2014-10-17_22.12.43.jpg,1,0.6433333333333333
Suki_Canon_2014-10-18_00.12.42 2.jpg,0,0.30666666666666664
Suki_Canon_2014-10-18_00.12.42.jpg,0,0.23
Suki_Canon_2014-10-18_01.12.41 2.jpg,0,0.26
Suki_Canon_2014-10-18_01.12.41.jpg,0,0.2833333333333333
Suki_Canon_2014-10-18_02.12.42 2.jpg,0,0.2733333333333333
Suki_Canon_2014-10-18_02.12.42.jpg,0,0.18
Suki_Canon_2014-10-18_05.12.41 2.jpg,0,0.23
Suki_Canon_2014-10-18_05.12.41.jpg,0,0.23
Suki_Canon_2014-10-18_08.12.41 2.jpg,0,0.27666666666666667
Suki_Canon_2014-10-18_08.12.41.jpg,0,0.2966666666666667
Suki_Canon_2014-10-19_05.12.41 2.jpg,0,0.24666666666666667
Suki_Canon_2014-10-19_05.12.41.jpg,0,0.23666666666666666
Suki_Canon_2014-10-20_22.12.42 2.jpg,1,0.7066666666666667
Suki_Canon_2014-10-20_22.12.42.jpg,1,0.6433333333333333
Kalor_Canon_2014-11-12_17.13.07 2.jpg,1,0.66
Kalor_Canon_2014-11-12_17.13.07.jpg,0,0.5
Kalor_Canon_2014-11-12_22.12.54 2.jpg,1,0.6933333333333334
Kalor_Canon_2014-11-12_22.12.54.jpg,1,0.7
Kalor_Canon_2014-11-13_00.12.53 2.jpg,0,0.30666666666666664
Kalor_Canon_2014-11-13_00.12.53.jpg,0,0.20666666666666667
Kalor_Canon_2014-11-13_01.12.32 2.jpg,0,0.29
Kalor_Canon_2014-11-13_01.12.32.jpg,0,0.25333333333333335
Kalor_Canon_2014-11-13_02.12.32 2.jpg,0,0.2733333333333333
Kalor_Canon_2014-11-13_02.12.32.jpg,0,0.24666666666666667
Kalor_Canon_2014-11-13_17.13.07 2.jpg,1,0.66
Kalor_Canon_2014-11-13_17.13.07.jpg,0,0.5
Suki_Canon_2014-11-13_17.13.15 2.jpg,1,0.61
Suki_Canon_2014-11-13_17.13.15.jpg,0,0.47
Kalor_Canon_2014-11-13_22.12.53 2.jpg,1,0.6466666666666666
Kalor_Canon_2014-11-13_22.12.53.jpg,0,0.49333333333333335
Suki_Canon_2014-11-13_22.12.43 2.jpg,1,0.7066666666666667
Suki_Canon_2014-11-13_22.12.43.jpg,0,0.49
Kalor_Canon_2014-11-14_01.12.31 2.jpg,0,0.09666666666666666
Kalor_Canon_2014-11-14_01.12.31.jpg,0,0.12333333333333334
Suki_Canon_2014-11-14_01.12.40 2.jpg,0,0.24333333333333335
Suki_Canon_2014-11-14_01.12.40.jpg,0,0.31666666666666665
Suki_Canon_2014-11-14_02.12.41 2.jpg,0,0.18666666666666668
Suki_Canon_2014-11-14_02.12.41.jpg,0,0.2966666666666667
Suki_Canon_2014-11-14_17.13.14 2.jpg,1,0.61
Suki_Canon_2014-11-14_17.13.14.jpg,0,0.47
Kalor_Canon_2014-11-14_17.52.26 2.jpg,1,0.66
Kalor_Canon_2014-11-14_17.52.26.jpg,0,0.49333333333333335
Suki_Canon_2014-11-14_22.12.42 2.jpg,1,0.7066666666666667
Suki_Canon_2014-11-14_22.12.42.jpg,1,0.7
Kalor_Canon_2014-11-14_23.12.53 2.jpg,1,0.64
Kalor_Canon_2014-11-14_23.12.53.jpg,1,0.5933333333333334
Kalor_Canon_2014-11-15_00.12.52 2.jpg,0,0.30666666666666664
Kalor_Canon_2014-11-15_00.12.52.jpg,0,0.2633333333333333
Suki_Canon_2014-11-15_00.12.41 2.jpg,0,0.27
Suki_Canon_2014-11-15_00.12.41.jpg,0,0.28
Suki_Canon_2014-11-15_01.12.41 2.jpg,0,0.26
Suki_Canon_2014-11-15_01.12.41.jpg,0,0.39666666666666667
Kalor_Canon_2014-11-15_05.12.32 2.jpg,0,0.2833333333333333
Kalor_Canon_2014-11-15_05.12.32.jpg,0,0.08
Suki_Canon_2014-11-15_08.12.41 2.jpg,0,0.23
Suki_Canon_2014-11-15_08.12.41.jpg,0,0.24666666666666667
Kalor_Canon_2014-11-15_11.13.04 2.jpg,0,0.3233333333333333
Kalor_Canon_2014-11-15_11.13.04.jpg,0,0.12666666666666668
Kalor_Canon_2014-11-15_17.13.06 2.jpg,1,0.66
Kalor_Canon_2014-11-15_17.13.06.jpg,0,0.49333333333333335
Suki_Canon_2014-11-15_17.13.14 2.jpg,1,0.61
Suki_Canon_2014-11-15_17.13.14.jpg,0,0.47
Kalor_Canon_2014-11-15_22.12.53 2.jpg,1,0.7066666666666667
Kalor_Canon_2014-11-15_22.12.53.jpg,1,0.7066666666666667
Suki_Canon_2014-11-15_22.12.42 2.jpg,1,0.7066666666666667
Suki_Canon_2014-11-15_22.12.42.jpg,1,0.7066666666666667
Kalor_Canon_2014-11-15_23.12.53 2.jpg,1,0.64
Kalor_Canon_2014-11-15_23.12.53.jpg,1,0.5933333333333334
Suki_Canon_2014-11-15_23.12.41 2.jpg,1,0.5466666666666666
Suki_Canon_2014-11-15_23.12.41.jpg,1,0.5366666666666666
Kalor_Canon_2014-11-16_00.12.52 2.jpg,0,0.12333333333333334
Kalor_Canon_2014-11-16_00.12.52.jpg,0,0.08333333333333333
Suki_Canon_2014-11-16_01.12.41 2.jpg,0,0.3933333333333333
Suki_Canon_2014-11-16_01.12.41.jpg,0,0.39666666666666667
Kalor_Canon_2014-11-16_02.12.31 2.jpg,0,0.2
Kalor_Canon_2014-11-16_02.12.31.jpg,0,0.06333333333333334
Suki_Canon_2014-11-16_02.12.41 2.jpg,0,0.26666666666666666
Suki_Canon_2014-11-16_02.12.41.jpg,0,0.35333333333333333
Suki_Canon_2014-11-16_17.13.14 2.jpg,1,0.61
Suki_Canon_2014-11-16_17.13.14.jpg,0,0.47
Suki_Canon_2014-11-16_22.12.42 2.jpg,1,0.7066666666666667
Suki_Canon_2014-11-16_22.12.42.jpg,1,0.65
Kalor_Canon_2014-11-16_23.12.53 2.jpg,1,0.64
Kalor_Canon_2014-11-16_23.12.53.jpg,1,0.5933333333333334
Suki_Canon_2014-11-16_23.12.41 2.jpg,1,0.64
Suki_Canon_2014-11-16_23.12.41.jpg,1,0.55
Kalor_Canon_2014-11-17_00.12.52 2.jpg,0,0.30666666666666664
Kalor_Canon_2014-11-17_00.12.52.jpg,0,0.2633333333333333
Suki_Canon_2014-11-17_00.12.41 2.jpg,0,0.41333333333333333
Suki_Canon_2014-11-17_00.12.41.jpg,0,0.43666666666666665
Kalor_Canon_2014-11-17_01.12.31 2.jpg,0,0.29
Kalor_Canon_2014-11-17_01.12.31.jpg,0,0.31
Suki_Canon_2014-11-17_01.12.42 2.jpg,0,0.38666666666666666
Suki_Canon_2014-11-17_01.12.42.jpg,0,0.39666666666666667
Kalor_Canon_2014-11-17_02.12.30 2.jpg,0,0.2733333333333333
Kalor_Canon_2014-11-17_02.12.30.jpg,0,0.23666666666666666
Suki_Canon_2014-11-17_02.12.42 2.jpg,0,0.35333333333333333
Suki_Canon_2014-11-17_02.12.42.jpg,0,0.35333333333333333
Suki_Canon_2014-11-17_05.12.42 2.jpg,0,0.24666666666666667
Suki_Canon_2014-11-17_05.12.42.jpg,0,0.24666666666666667
Suki_Canon_2014-11-17_08.12.41 2.jpg,0,0.30333333333333334
Suki_Canon_2014-11-17_08.12.41.jpg,0,0.05333333333333334
Suki_Canon_2014-11-17_17.13.15 2.jpg,1,0.66
Suki_Canon_2014-11-17_17.13.15.jpg,0,0.4666666666666667
Suki_Canon_2014-11-17_22.12.43 2.jpg,1,0.7066666666666667
Suki_Canon_2014-11-17_22.12.43.jpg,1,0.7066666666666667
Suki_Canon_2014-11-17_23.12.41 2.jpg,1,0.6066666666666667
Suki_Canon_2014-11-17_23.12.41.jpg,1,0.6166666666666667
Suki_Canon_2014-11-18_00.12.41 2.jpg,0,0.27666666666666667
Suki_Canon_2014-11-18_00.12.41.jpg,0,0.27666666666666667
Kalor_Canon_2014-11-18_01.12.32 2.jpg,0,0.26
Kalor_Canon_2014-11-18_01.12.32.jpg,0,0.26
Suki_Canon_2014-11-18_01.12.41 2.jpg,0,0.25
Suki_Canon_2014-11-18_01.12.41.jpg,0,0.25
Kalor_Canon_2014-11-18_02.12.32 2.jpg,0,0.2733333333333333
Kalor_Canon_2014-11-18_02.12.32.jpg,0,0.24
Suki_Canon_2014-11-18_02.12.41 2.jpg,0,0.24333333333333335
Suki_Canon_2014-11-18_02.12.41.jpg,0,0.36
Kalor_Canon_2014-11-18_05.12.32 2.jpg,0,0.2833333333333333
Kalor_Canon_2014-11-18_05.12.32.jpg,0,0.24
Suki_Canon_2014-11-18_05.12.41 2.jpg,0,0.24333333333333335
Suki_Canon_2014-11-18_05.12.41.jpg,0,0.23333333333333334
Suki_Canon_2014-11-18_17.13.13 2.jpg,1,0.61
Suki_Canon_2014-11-18_17.13.13.jpg,0,0.47
Suki_Canon_2014-11-18_22.12.43 2.jpg,1,0.7066666666666667
Suki_Canon_2014-11-18_22.12.43.jpg,1,0.7066666666666667
Suki_Canon_2014-11-19_00.12.42 2.jpg,0,0.26666666666666666
Suki_Canon_2014-11-19_00.12.42.jpg,0,0.27666666666666667
Kalor_Canon_2014-11-19_01.12.31 2.jpg,0,0.12
Kalor_Canon_2014-11-19_01.12.31.jpg,0,0.32
Suki_Canon_2014-11-19_01.12.42 2.jpg,0,0.2633333333333333
Suki_Canon_2014-11-19_01.12.42.jpg,0,0.39
Kalor_Canon_2014-11-19_02.12.32 2.jpg,0,0.2733333333333333
Kalor_Canon_2014-11-19_02.12.32.jpg,0,0.24666666666666667
Suki_Canon_2014-11-19_08.12.42.jpg,0,0.27666666666666667
Kalor_Canon_2014-11-19_11.13.03.jpg,0,0.16
Suki_Canon_2014-11-20_08.12.42.jpg,0,0.2866666666666667
Kalor_Canon_2014-11-20_11.13.04.jpg,0,0.16
Kalor_Canon_2014-11-20_17.13.04.jpg,1,0.8366666666666667
Suki_Canon_2014-11-20_17.13.13.jpg,0,0.47
Kalor_Canon_2014-11-20_22.12.53.jpg,1,0.6433333333333333
Suki_Canon_2014-11-20_22.12.42.jpg,1,0.63
Kalor_Canon_2014-11-21_00.12.53.jpg,0,0.19
Kalor_Canon_2014-11-21_01.12.31.jpg,0,0.19
Suki_Canon_2014-11-21_01.12.41.jpg,0,0.39666666666666667
Kalor_Canon_2014-11-21_02.12.31.jpg,0,0.35333333333333333
Suki_Canon_2014-11-21_02.12.42.jpg,0,0.23333333333333334
Kalor_Canon_2014-11-26_11.13.05.jpg,0,0.16666666666666666
Suki_Canon_2014-11-26_17.13.13.jpg,0,0.4066666666666667
Kalor_Canon_2014-11-26_22.12.54.jpg,1,0.6933333333333334
Suki_Canon_2014-11-26_22.12.42.jpg,1,0.7066666666666667
Suki_Canon_2014-11-27_01.12.41.jpg,0,0.39666666666666667
Suki_Canon_2014-11-27_05.12.41.jpg,0,0.3566666666666667
Suki_Canon_2014-11-27_08.12.41.jpg,0,0.14666666666666667
Kalor_Canon_2014-11-27_11.13.04.jpg,0,0.16666666666666666
Kalor_Canon_2014-11-27_17.13.04.jpg,0,0.31333333333333335
Suki_Canon_2014-11-27_17.13.14.jpg,0,0.47
Kalor_Canon_2014-11-27_22.12.53.jpg,0,0.4766666666666667
Suki_Canon_2014-11-27_22.12.42.jpg,0,0.49
Kalor_Canon_2014-11-28_00.12.52.jpg,0,0.05333333333333334
Suki_Canon_2014-11-28_00.12.40.jpg,0,0.27
Kalor_Canon_2014-11-28_01.12.31.jpg,0,0.38666666666666666
Suki_Canon_2014-11-28_01.12.40.jpg,0,0.39666666666666667
Kalor_Canon_2014-11-28_02.12.31.jpg,0,0.33
Suki_Canon_2014-11-28_02.12.41.jpg,0,0.24
Suki_Canon_2014-11-28_08.12.42.jpg,0,0.12666666666666668
Kalor_Canon_2014-11-28_11.13.03.jpg,0,0.32
Kalor_Canon_2014-11-28_17.13.04.jpg,1,0.55
Suki_Canon_2014-11-28_17.13.14.jpg,0,0.47333333333333333
Kalor_Canon_2014-11-28_22.12.54.jpg,1,0.7066666666666667
Suki_Canon_2014-11-28_22.12.42.jpg,1,0.7066666666666667
Kalor_Canon_2014-11-28_23.12.53.jpg,1,0.5733333333333334
Suki_Canon_2014-11-28_23.12.41.jpg,1,0.6333333333333333
Kalor_Canon_2014-11-29_00.12.53.jpg,0,0.4066666666666667
Suki_Canon_2014-11-29_00.12.41.jpg,0,0.43666666666666665
Kalor_Canon_2014-11-29_01.12.31.jpg,0,0.38666666666666666
Suki_Canon_2014-11-29_01.12.41.jpg,0,0.26
Kalor_Canon_2014-11-29_02.12.32.jpg,0,0.35333333333333333
Suki_Canon_2014-11-29_02.12.41.jpg,0,0.26666666666666666
Suki_Canon_2014-11-29_17.13.14.jpg,0,0.47
Suki_Canon_2014-11-30_00.12.41.jpg,0,0.43666666666666665
Suki_Canon_2014-11-30_01.12.41.jpg,0,0.2633333333333333
Suki_Canon_2014-11-30_02.12.41.jpg,0,0.33
Suki_Canon_2014-11-30_05.12.41.jpg,0,0.3566666666666667
Suki_Canon_2014-11-30_08.12.42.jpg,0,0.09666666666666666
Kalor_Canon_2014-11-30_11.13.04.jpg,0,0.16666666666666666
Kalor_Canon_2014-11-30_17.13.05.jpg,0,0.2866666666666667
Suki_Canon_2014-11-30_17.13.14.jpg,0,0.4766666666666667
Kalor_Canon_2014-11-30_22.12.54.jpg,1,0.6333333333333333
Suki_Canon_2014-11-30_22.12.42.jpg,1,0.5466666666666666
Kalor_Canon_2014-12-01_01.12.31 2.jpg,0,0.3433333333333333
Kalor_Canon_2014-12-01_01.12.31.jpg,0,0.4266666666666667
Suki_Canon_2014-12-01_01.12.41 2.jpg,0,0.47333333333333333
Suki_Canon_2014-12-01_01.12.41.jpg,0,0.47333333333333333
Kalor_Canon_2014-12-01_02.12.31 2.jpg,0,0.2833333333333333
Kalor_Canon_2014-12-01_02.12.31.jpg,0,0.24333333333333335
Suki_Canon_2014-12-01_02.12.41 2.jpg,0,0.25333333333333335
Suki_Canon_2014-12-01_02.12.41.jpg,0,0.24333333333333335
Suki_Canon_2014-12-01_08.12.41 2.jpg,0,0.3566666666666667
Suki_Canon_2014-12-01_08.12.41.jpg,0,0.3566666666666667
Kalor_Canon_2014-12-01_11.13.03 2.jpg,0,0.33
Kalor_Canon_2014-12-01_11.13.03.jpg,0,0.16333333333333333
Kalor_Canon_2014-12-01_17.13.04 2.jpg,1,0.6266666666666667
Kalor_Canon_2014-12-01_17.13.04.jpg,1,0.5566666666666666
Suki_Canon_2014-12-01_17.13.15 2.jpg,1,0.81
Suki_Canon_2014-12-01_17.13.15.jpg,0,0.44333333333333336
Suki_Canon_2014-12-01_22.12.43 2.jpg,1,0.9
Suki_Canon_2014-12-01_22.12.43.jpg,1,0.8133333333333334
Suki_Canon_2014-12-02_00.12.41 2.jpg,0,0.36
Suki_Canon_2014-12-02_00.12.41.jpg,0,0.36
Suki_Canon_2014-12-02_01.12.41 2.jpg,0,0.47333333333333333
Suki_Canon_2014-12-02_01.12.41.jpg,0,0.47333333333333333
Kalor_Canon_2014-12-02_02.12.31 2.jpg,0,0.2833333333333333
Kalor_Canon_2014-12-02_02.12.31.jpg,0,0.37333333333333335
Suki_Canon_2014-12-02_02.12.41 2.jpg,0,0.37333333333333335
Suki_Canon_2014-12-02_02.12.41.jpg,0,0.37333333333333335
Kalor_Canon_2014-12-02_05.12.32 2.jpg,0,0.27666666666666667
Kalor_Canon_2014-12-02_05.12.32.jpg,0,0.36333333333333334
Suki_Canon_2014-12-02_05.12.42 2.jpg,0,0.24666666666666667
Suki_Canon_2014-12-02_05.12.42.jpg,0,0.36333333333333334
Suki_Canon_2014-12-02_08.12.41 2.jpg,0,0.26666666666666666
Suki_Canon_2014-12-02_08.12.41.jpg,0,0.3566666666666667
Kalor_Canon_2014-12-02_11.13.03 2.jpg,0,0.4066666666666667
Kalor_Canon_2014-12-02_11.13.03.jpg,0,0.3466666666666667
Suki_Canon_2014-12-02_17.13.15 2.jpg,1,0.7933333333333333
Suki_Canon_2014-12-02_17.13.15.jpg,1,0.74
Kalor_Canon_2014-12-02_22.12.53 2.jpg,1,0.7466666666666667
Kalor_Canon_2014-12-02_22.12.53.jpg,1,0.81
Suki_Canon_2014-12-02_22.12.43 2.jpg,1,0.8866666666666667
Suki_Canon_2014-12-02_22.12.43.jpg,1,0.8166666666666667
Kalor_Canon_2014-12-02_23.12.53 2.jpg,1,0.72
Kalor_Canon_2014-12-02_23.12.53.jpg,1,0.9433333333333334
Kalor_Canon_2014-12-03_00.12.53 2.jpg,0,0.39
Kalor_Canon_2014-12-03_00.12.53.jpg,0,0.31333333333333335
Suki_Canon_2014-12-03_00.12.41 2.jpg,1,0.55
Suki_Canon_2014-12-03_00.12.41.jpg,0,0.4633333333333333
Kalor_Canon_2014-12-03_01.12.31 2.jpg,0,0.3433333333333333
Kalor_Canon_2014-12-03_01.12.31.jpg,0,0.3
Suki_Canon_2014-12-03_01.12.41 2.jpg,0,0.31666666666666665
Suki_Canon_2014-12-03_01.12.41.jpg,0,0.47333333333333333
Kalor_Canon_2014-12-03_02.12.32 2.jpg,0,0.08333333333333333
Kalor_Canon_2014-12-03_02.12.32.jpg,0,0.09333333333333334
Suki_Canon_2014-12-03_02.12.42 2.jpg,0,0.22333333333333333
Suki_Canon_2014-12-03_02.12.42.jpg,0,0.36666666666666664
Suki_Canon_2014-12-03_08.12.42 2.jpg,0,0.3566666666666667
Suki_Canon_2014-12-03_08.12.42.jpg,0,0.2966666666666667
Kalor_Canon_2014-12-03_11.13.04 2.jpg,0,0.4066666666666667
Kalor_Canon_2014-12-03_11.13.04.jpg,0,0.4
Kalor_Canon_2014-12-03_17.13.05 2.jpg,1,0.7766666666666666
Kalor_Canon_2014-12-03_17.13.05.jpg,1,0.58
Suki_Canon_2014-12-03_17.13.14 2.jpg,1,0.7933333333333333
Suki_Canon_2014-12-03_17.13.14.jpg,1,0.7933333333333333
Suki_Canon_2014-12-03_22.12.42 2.jpg,1,0.8866666666666667
Suki_Canon_2014-12-03_22.12.42.jpg,1,0.85
Suki_Canon_2014-12-04_00.12.41 2.jpg,0,0.38333333333333336
Suki_Canon_2014-12-04_00.12.41.jpg,1,0.55
Suki_Canon_2014-12-04_01.12.41 2.jpg,0,0.36333333333333334
Suki_Canon_2014-12-04_01.12.41.jpg,0,0.31666666666666665
Kalor_Canon_2014-12-04_05.12.31 2.jpg,0,0.27666666666666667
Kalor_Canon_2014-12-04_05.12.31.jpg,0,0.3333333333333333
Kalor_Canon_2014-12-04_08.12.31 2.jpg,0,0.22
Kalor_Canon_2014-12-04_08.12.31.jpg,0,0.14333333333333334
Suki_Canon_2014-12-04_08.12.41 2.jpg,0,0.36
Suki_Canon_2014-12-04_08.12.41.jpg,0,0.13
Suki_Canon_2014-12-04_17.13.15 2.jpg,1,0.7933333333333333
Suki_Canon_2014-12-04_17.13.15.jpg,1,0.7866666666666666
Suki_Canon_2014-12-04_22.12.42 2.jpg,1,0.9266666666666666
Suki_Canon_2014-12-04_22.12.42.jpg,1,0.9
Suki_Canon_2014-12-05_00.12.42 2.jpg,0,0.36333333333333334
Suki_Canon_2014-12-05_00.12.42.jpg,1,0.55
Suki_Canon_2014-12-05_01.12.41 2.jpg,0,0.33666666666666667
Suki_Canon_2014-12-05_01.12.41.jpg,0,0.47333333333333333
Kalor_Canon_2014-12-05_02.12.31 2.jpg,0,0.25
Kalor_Canon_2014-12-05_02.12.31.jpg,0,0.24666666666666667
Suki_Canon_2014-12-05_02.12.41 2.jpg,0,0.38333333333333336
Suki_Canon_2014-12-05_02.12.41.jpg,0,0.3466666666666667
Suki_Canon_2014-12-05_05.12.41 2.jpg,0,0.36333333333333334
Suki_Canon_2014-12-05_05.12.41.jpg,0,0.37333333333333335
Suki_Canon_2014-12-05_08.12.42 2.jpg,0,0.3566666666666667
Suki_Canon_2014-12-05_08.12.42.jpg,0,0.24
Suki_Canon_2014-12-05_17.13.15 2.jpg,1,0.7933333333333333
Suki_Canon_2014-12-05_17.13.15.jpg,1,0.7266666666666667
Suki_Canon_2014-12-05_22.12.42 2.jpg,1,0.7333333333333333
Suki_Canon_2014-12-05_22.12.42.jpg,1,0.9
Suki_Canon_2014-12-05_23.12.42 2.jpg,1,0.7766666666666666
Suki_Canon_2014-12-05_23.12.42.jpg,1,0.95
Suki_Canon_2014-12-06_00.12.42 2.jpg,0,0.39
Suki_Canon_2014-12-06_00.12.42.jpg,0,0.36333333333333334
Kalor_Canon_2014-12-06_01.12.31 2.jpg,0,0.3433333333333333
Kalor_Canon_2014-12-06_01.12.31.jpg,0,0.31666666666666665
Suki_Canon_2014-12-06_01.12.41.jpg,0,0.47333333333333333
Suki_Canon_2014-12-06_02.12.42.jpg,0,0.37333333333333335
Kalor_Canon_2014-12-06_05.12.31.jpg,0,0.26
Suki_Canon_2014-12-06_05.12.41.jpg,0,0.24666666666666667
Suki_Canon_2014-12-06_08.12.42.jpg,0,0.16
Kalor_Canon_2014-12-06_11.13.04.jpg,0,0.4066666666666667
Kalor_Canon_2014-12-06_17.13.05.jpg,1,0.58
Kalor_Canon_2014-12-06_22.12.54.jpg,1,0.7466666666666667
Kalor_Canon_2014-12-06_23.12.53.jpg,1,0.75
Kalor_Canon_2014-12-07_00.12.53.jpg,0,0.38333333333333336
Kalor_Canon_2014-12-07_01.12.31.jpg,0,0.4633333333333333
Kalor_Canon_2014-12-07_02.12.31.jpg,0,0.36666666666666664
Kalor_Canon_2014-12-08_00.12.53.jpg,0,0.39666666666666667
Kalor_Canon_2014-12-08_11.13.04.jpg,0,0.25333333333333335
Kalor_Canon_2014-12-08_17.13.04.jpg,1,0.5766666666666667
Kalor_Canon_2014-12-09_11.13.04.jpg,0,0.25333333333333335
Kalor_Canon_2014-12-09_17.13.05.jpg,1,0.74
Kalor_Canon_2014-12-10_01.12.31.jpg,0,0.47333333333333333
Kalor_Canon_2014-12-10_02.12.31.jpg,0,0.37333333333333335
Kalor_Canon_2014-12-10_05.12.31.jpg,0,0.37333333333333335
Kalor_Canon_2014-12-10_08.12.31.jpg,0,0.22666666666666666
Suki_Canon_2014-12-10_08.12.42.jpg,0,0.3566666666666667
Kalor_Canon_2014-12-10_11.13.04.jpg,0,0.25333333333333335
Suki_Canon_2014-12-10_11.13.13.jpg,0,0.4066666666666667
Suki_Canon_2014-12-10_17.13.14.jpg,1,0.5666666666666667
Suki_Canon_2014-12-10_22.12.43.jpg,1,0.6466666666666666
Kalor_Canon_2014-12-11_01.12.31.jpg,0,0.47
Suki_Canon_2014-12-11_01.12.41.jpg,0,0.33
Suki_Canon_2014-12-11_02.12.40.jpg,0,0.24666666666666667
Suki_Canon_2014-12-11_05.12.41.jpg,0,0.2833333333333333
Suki_Canon_2014-12-11_08.12.42.jpg,0,0.34
Kalor_Canon_2014-12-11_11.13.03.jpg,0,0.25333333333333335
Suki_Canon_2014-12-11_17.13.14.jpg,1,0.58
Suki_Canon_2014-12-12_08.12.41.jpg,0,0.13
Suki_Canon_2014-12-12_11.13.13.jpg,0,0.41
Suki_Canon_2014-12-12_17.13.16.jpg,1,0.58
Suki_Canon_2014-12-12_22.12.42.jpg,1,0.9
Suki_Canon_2014-12-12_23.12.41.jpg,1,0.9433333333333334
Suki_Canon_2014-12-13_00.12.42.jpg,1,0.55
Suki_Canon_2014-12-13_01.12.41.jpg,0,0.31666666666666665
Suki_Canon_2014-12-13_17.13.13.jpg,1,0.5366666666666666
Suki_Canon_2014-12-13_22.12.42.jpg,1,0.9
Suki_Canon_2014-12-14_00.12.41.jpg,0,0.38333333333333336
Suki_Canon_2014-12-14_02.12.41.jpg,0,0.37333333333333335
Suki_Canon_2014-12-14_08.12.41.jpg,0,0.14
Suki_Canon_2014-12-14_11.13.13.jpg,0,0.25333333333333335
Suki_Canon_2014-12-14_17.13.13.jpg,1,0.53
Suki_Canon_2014-12-14_22.12.42.jpg,1,0.85
Suki_Canon_2014-12-15_00.12.41.jpg,0,0.29333333333333333
Suki_Canon_2014-12-15_01.12.41.jpg,0,0.33
Suki_Canon_2014-12-15_02.12.41.jpg,0,0.17
Suki_Canon_2014-12-15_08.12.40.jpg,0,0.13
Suki_Canon_2014-12-15_11.13.14.jpg,0,0.2833333333333333
Suki_Canon_2014-12-15_17.25.10.jpg,1,0.5333333333333333
Suki_Canon_2014-12-15_22.12.42.jpg,1,0.85
Suki_Canon_2014-12-15_23.12.42.jpg,1,0.7566666666666667
Suki_Canon_2014-12-16_00.12.41.jpg,1,0.55
Suki_Canon_2014-12-16_01.12.40.jpg,0,0.36666666666666664
Suki_Canon_2014-12-16_22.12.42.jpg,1,0.85
Suki_Canon_2014-12-17_00.12.40.jpg,1,0.55
Kalor_Canon_2014-12-17_01.12.31.jpg,0,0.47333333333333333
Suki_Canon_2014-12-17_01.12.41.jpg,0,0.31666666666666665
Kalor_Canon_2014-12-17_05.12.31.jpg,0,0.24666666666666667
Suki_Canon_2014-12-17_05.12.41.jpg,0,0.2833333333333333
Kalor_Canon_2014-12-17_08.12.32.jpg,0,0.23666666666666666
Suki_Canon_2014-12-17_08.12.40.jpg,0,0.3566666666666667
Kalor_Canon_2014-12-17_11.13.04.jpg,0,0.2
Suki_Canon_2014-12-17_11.13.14.jpg,0,0.33
Kalor_Canon_2014-12-17_17.13.05.jpg,1,0.58
Suki_Canon_2014-12-17_22.12.42.jpg,1,0.6666666666666666
Kalor_Canon_2014-12-17_22.13.29.jpg,1,0.83
Kalor_Canon_2014-12-17_23.12.53.jpg,1,0.6733333333333333
Suki_Canon_2014-12-17_23.12.42.jpg,1,0.7
Kalor_Canon_2014-12-18_00.12.53.jpg,0,0.29
Suki_Canon_2014-12-18_00.12.40.jpg,0,0.30333333333333334
Kalor_Canon_2014-12-18_01.12.31.jpg,0,0.47333333333333333
Suki_Canon_2014-12-18_01.12.41.jpg,0,0.33
Kalor_Canon_2014-12-18_02.12.31.jpg,0,0.24333333333333335
Suki_Canon_2014-12-18_08.12.41.jpg,0,0.23666666666666666
Kalor_Canon_2014-12-18_11.13.03.jpg,0,0.18
Suki_Canon_2014-12-18_11.13.14.jpg,0,0.2633333333333333
Kalor_Canon_2014-12-18_22.12.53.jpg,1,0.83
Suki_Canon_2014-12-18_22.12.42.jpg,1,0.83
Kalor_Canon_2014-12-18_23.12.53.jpg,1,0.7566666666666667
Suki_Canon_2014-12-18_23.12.41.jpg,1,0.7466666666666667
Kalor_Canon_2014-12-19_00.12.53.jpg,0,0.36333333333333334
Suki_Canon_2014-12-19_00.12.41.jpg,0,0.36333333333333334
Kalor_Canon_2014-12-19_01.12.31.jpg,0,0.33666666666666667
Suki_Canon_2014-12-19_01.12.41.jpg,0,0.32666666666666666
Kalor_Canon_2014-12-19_02.12.32.jpg,0,0.25666666666666665
Suki_Canon_2014-12-19_02.12.41.jpg,0,0.38333333333333336
Suki_Canon_2014-12-19_08.12.41.jpg,0,0.3566666666666667
Kalor_Canon_2014-12-19_11.13.04.jpg,0,0.28
Kalor_Canon_2014-12-19_22.12.53.jpg,1,0.87
Suki_Canon_2014-12-19_22.12.42.jpg,1,0.85
Kalor_Canon_2014-12-19_23.12.53.jpg,1,0.76
Suki_Canon_2014-12-19_23.12.42.jpg,1,0.7466666666666667
Kalor_Canon_2014-12-20_00.12.53.jpg,1,0.5466666666666666
Suki_Canon_2014-12-20_00.12.41.jpg,0,0.36333333333333334
Kalor_Canon_2014-12-20_02.12.31.jpg,0,0.25
Kalor_Canon_2014-12-20_11.13.02.jpg,0,0.25333333333333335
Suki_Canon_2014-12-20_11.13.14.jpg,0,0.17
Kalor_Canon_2014-12-20_17.13.05.jpg,1,0.5533333333333333
Kalor_Canon_2014-12-20_22.12.54.jpg,1,0.8766666666666667
Suki_Canon_2014-12-20_22.12.42.jpg,1,0.9
Kalor_Canon_2014-12-20_23.12.52.jpg,1,0.8633333333333333
Kalor_Canon_2014-12-21_00.12.53.jpg,0,0.37333333333333335
Suki_Canon_2014-12-21_00.12.40.jpg,1,0.55
Kalor_Canon_2014-12-21_01.12.31.jpg,0,0.47333333333333333
Suki_Canon_2014-12-21_01.12.40.jpg,0,0.47333333333333333
Kalor_Canon_2014-12-21_02.12.32.jpg,0,0.17333333333333334
Suki_Canon_2014-12-21_02.12.41.jpg,0,0.24333333333333335
Suki_Canon_2014-12-21_08.12.41.jpg,0,0.3566666666666667
Kalor_Canon_2014-12-21_11.13.03.jpg,0,0.25333333333333335
Suki_Canon_2014-12-21_11.13.13.jpg,0,0.4066666666666667
Kalor_Canon_2014-12-21_17.13.04.jpg,0,0.49
Kalor_Canon_2014-12-21_22.12.52.jpg,1,0.8933333333333333
Suki_Canon_2014-12-21_22.12.42.jpg,1,0.9
Kalor_Canon_2014-12-21_23.12.52.jpg,1,0.7466666666666667
Suki_Canon_2014-12-21_23.12.41.jpg,1,0.7466666666666667
Kalor_Canon_2014-12-22_00.12.52.jpg,0,0.37333333333333335
Suki_Canon_2014-12-22_00.12.41.jpg,0,0.37333333333333335
Kalor_Canon_2014-12-22_01.12.31.jpg,0,0.31666666666666665
Suki_Canon_2014-12-22_01.12.41.jpg,0,0.33666666666666667
Kalor_Canon_2014-12-22_02.12.30.jpg,0,0.24666666666666667
Suki_Canon_2014-12-22_02.12.41.jpg,0,0.25666666666666665
Suki_Canon_2014-12-22_08.12.41.jpg,0,0.35
Kalor_Canon_2014-12-22_11.13.04.jpg,0,0.25333333333333335
Suki_Canon_2014-12-22_11.13.14.jpg,0,0.4066666666666667
Suki_Canon_2014-12-22_22.12.42.jpg,1,0.7566666666666667
Kalor_Canon_2014-12-23_01.12.32.jpg,0,0.33666666666666667
Suki_Canon_2014-12-23_01.12.41.jpg,0,0.33666666666666667
Kalor_Canon_2014-12-23_05.12.31.jpg,0,0.02
Suki_Canon_2014-12-23_05.12.40.jpg,0,0.24333333333333335
Kalor_Canon_2014-12-23_11.13.03.jpg,0,0.25333333333333335
Suki_Canon_2014-12-23_11.13.13.jpg,0,0.4066666666666667
Kalor_Canon_2014-12-23_22.12.53.jpg,1,0.9266666666666666
Suki_Canon_2014-12-23_22.12.42.jpg,1,0.9
Suki_Canon_2014-12-23_23.12.41.jpg,1,0.74
Kalor_Canon_2014-12-24_00.12.52.jpg,0,0.36
Suki_Canon_2014-12-24_00.12.41.jpg,0,0.36
Kalor_Canon_2014-12-24_01.12.31.jpg,0,0.4666666666666667
Suki_Canon_2014-12-24_01.12.41.jpg,0,0.47333333333333333
Kalor_Canon_2014-12-24_02.12.30.jpg,0,0.24333333333333335
Suki_Canon_2014-12-24_02.12.41.jpg,0,0.36666666666666664
Kalor_Canon_2014-12-24_05.12.31.jpg,0,0.35333333333333333
Suki_Canon_2014-12-24_05.12.41.jpg,0,0.37333333333333335
Kalor_Canon_2014-12-24_11.13.02.jpg,0,0.25333333333333335
Suki_Canon_2014-12-24_11.13.14.jpg,0,0.4
Kalor_Canon_2014-12-24_17.13.04.jpg,1,0.57
Kalor_Canon_2014-12-24_22.12.54.jpg,1,0.9033333333333333
Kalor_Canon_2014-12-24_23.12.53.jpg,1,0.75
Suki_Canon_2014-12-24_23.12.41.jpg,1,0.75
Kalor_Canon_2014-12-25_00.12.52.jpg,1,0.52
Suki_Canon_2014-12-25_00.12.40.jpg,0,0.36
Kalor_Canon_2014-12-25_01.12.31.jpg,0,0.31666666666666665
Suki_Canon_2014-12-25_01.12.41.jpg,0,0.33
Kalor_Canon_2014-12-25_02.12.31.jpg,0,0.37333333333333335
Suki_Canon_2014-12-25_02.12.41.jpg,0,0.36333333333333334
Kalor_Canon_2014-12-25_05.12.31.jpg,0,0.36333333333333334
Suki_Canon_2014-12-25_05.12.42.jpg,0,0.36333333333333334
Suki_Canon_2014-12-25_08.12.42.jpg,0,0.26666666666666666
Kalor_Canon_2014-12-25_11.13.04.jpg,0,0.25333333333333335
Suki_Canon_2014-12-25_11.13.14.jpg,0,0.25333333333333335
Kalor_Canon_2014-12-25_17.13.05.jpg,1,0.5633333333333334
Suki_Canon_2014-12-25_22.12.42.jpg,1,0.7566666666666667
Kalor_Canon_2014-12-25_23.12.53.jpg,1,0.7466666666666667
Suki_Canon_2014-12-25_23.12.41.jpg,1,0.7566666666666667
Kalor_Canon_2014-12-26_00.12.53.jpg,1,0.55
Suki_Canon_2014-12-26_00.12.40.jpg,1,0.55
Kalor_Canon_2014-12-26_01.12.31.jpg,0,0.4666666666666667
Suki_Canon_2014-12-26_01.12.41.jpg,0,0.47333333333333333
Kalor_Canon_2014-12-26_02.12.32.jpg,0,0.37333333333333335
Suki_Canon_2014-12-26_02.12.41.jpg,0,0.24666666666666667
Kalor_Canon_2014-12-26_05.12.31.jpg,0,0.36333333333333334
Suki_Canon_2014-12-26_05.12.41.jpg,0,0.23333333333333334
Kalor_Canon_2014-12-26_08.12.30.jpg,0,0.2866666666666667
Suki_Canon_2014-12-26_08.12.41.jpg,0,0.3566666666666667
Kalor_Canon_2014-12-26_11.13.04.jpg,0,0.25333333333333335
Suki_Canon_2014-12-26_11.13.14.jpg,0,0.31666666666666665
Kalor_Canon_2014-12-26_17.13.04.jpg,0,0.4633333333333333
Kalor_Canon_2014-12-27_01.12.32.jpg,0,0.4033333333333333
Suki_Canon_2014-12-27_01.12.41.jpg,0,0.47333333333333333
Kalor_Canon_2014-12-27_05.12.32.jpg,0,0.043333333333333335
Suki_Canon_2014-12-27_05.12.41.jpg,0,0.3566666666666667
Suki_Canon_2014-12-27_08.12.41.jpg,0,0.11333333333333333
Kalor_Canon_2014-12-27_11.13.03.jpg,0,0.25333333333333335
Suki_Canon_2014-12-27_11.13.14.jpg,0,0.17
Kalor_Canon_2014-12-27_17.13.05.jpg,0,0.4633333333333333
Kalor_Canon_2014-12-28_00.12.52.jpg,0,0.36333333333333334
Suki_Canon_2014-12-28_00.12.40.jpg,0,0.42
Kalor_Canon_2014-12-28_01.12.31.jpg,0,0.33666666666666667
Kalor_Canon_2014-12-28_02.12.31.jpg,0,0.26
Suki_Canon_2014-12-28_02.12.41.jpg,0,0.36333333333333334
Kalor_Canon_2014-12-28_05.12.31.jpg,0,0.37333333333333335
Suki_Canon_2014-12-28_05.12.41.jpg,0,0.3566666666666667
Suki_Canon_2014-12-28_08.12.41.jpg,0,0.3566666666666667
Kalor_Canon_2014-12-28_11.13.03.jpg,0,0.25333333333333335
Suki_Canon_2014-12-28_11.13.13.jpg,0,0.3
Kalor_Canon_2014-12-28_17.13.05.jpg,1,0.57
Suki_Canon_2014-12-29_01.12.40.jpg,0,0.4633333333333333
Kalor_Canon_2014-12-29_02.12.31.jpg,0,0.25
Suki_Canon_2014-12-29_02.12.41.jpg,0,0.24333333333333335
Kalor_Canon_2014-12-29_05.12.31.jpg,0,0.36333333333333334
Suki_Canon_2014-12-29_05.12.41.jpg,0,0.36333333333333334
Suki_Canon_2014-12-29_08.12.41.jpg,0,0.3566666666666667
Kalor_Canon_2014-12-29_11.13.04.jpg,0,0.25333333333333335
Suki_Canon_2014-12-29_11.13.13.jpg,0,0.18
Suki_Canon_2014-12-29_23.12.41.jpg,1,0.72
Suki_Canon_2014-12-30_01.12.41.jpg,0,0.33
Kalor_Canon_2014-12-30_02.12.31.jpg,0,0.25666666666666665
Suki_Canon_2014-12-30_02.12.41.jpg,0,0.37333333333333335
Suki_Canon_2014-12-30_08.12.41.jpg,0,0.34
Suki_Canon_2014-12-30_11.13.13.jpg,0,0.17
Suki_Canon_2014-12-31_02.12.41.jpg,0,0.36666666666666664
Suki_Canon_2014-12-31_05.12.41.jpg,0,0.24666666666666667
Suki_Canon_2014-12-31_08.12.41.jpg,0,0.29333333333333333
Kalor_Canon_2014-12-31_11.13.04.jpg,0,0.25333333333333335
Suki_Canon_2014-12-31_11.13.14.jpg,0,0.17333333333333334
Kalor_Canon_2015-01-01_01.12.31 2.jpg,0,0.4066666666666667
Kalor_Canon_2015-01-01_01.12.31.jpg,0,0.38333333333333336
Suki_Canon_2015-01-01_01.12.41 2.jpg,0,0.4066666666666667
Suki_Canon_2015-01-01_01.12.41.jpg,0,0.4866666666666667
Kalor_Canon_2015-01-01_02.12.31 2.jpg,0,0.3466666666666667
Kalor_Canon_2015-01-01_02.12.31.jpg,0,0.3933333333333333
Suki_Canon_2015-01-01_02.12.41 2.jpg,0,0.4266666666666667
Suki_Canon_2015-01-01_02.12.41.jpg,0,0.4266666666666667
Suki_Canon_2015-01-01_05.12.41 2.jpg,0,0.35333333333333333
Suki_Canon_2015-01-01_05.12.41.jpg,0,0.3466666666666667
Suki_Canon_2015-01-01_08.12.41 2.jpg,0,0.43
Suki_Canon_2015-01-01_08.12.41.jpg,0,0.43
Kalor_Canon_2015-01-01_11.13.04 2.jpg,0,0.3933333333333333
Kalor_Canon_2015-01-01_11.13.04.jpg,0,0.3933333333333333
Suki_Canon_2015-01-01_11.13.13 2.jpg,0,0.3933333333333333
Suki_Canon_2015-01-01_11.13.13.jpg,0,0.3933333333333333
Suki_Canon_2015-01-02_01.12.41 2.jpg,0,0.4866666666666667
Suki_Canon_2015-01-02_01.12.41.jpg,0,0.4866666666666667
Suki_Canon_2015-01-02_02.12.42 2.jpg,0,0.3466666666666667
Suki_Canon_2015-01-02_02.12.42.jpg,0,0.4266666666666667
Suki_Canon_2015-01-02_05.12.41 2.jpg,0,0.35333333333333333
Suki_Canon_2015-01-02_05.12.41.jpg,0,0.34
Suki_Canon_2015-01-02_08.12.41 2.jpg,0,0.43
Suki_Canon_2015-01-02_08.12.41.jpg,0,0.43
Kalor_Canon_2015-01-02_11.13.04 2.jpg,0,0.3933333333333333
Kalor_Canon_2015-01-02_11.13.04.jpg,0,0.3933333333333333
Suki_Canon_2015-01-02_11.13.13 2.jpg,0,0.3
Suki_Canon_2015-01-02_11.13.13.jpg,0,0.3
Suki_Canon_2015-01-03_02.12.41 2.jpg,0,0.42333333333333334
Suki_Canon_2015-01-03_02.12.41.jpg,0,0.4266666666666667
Kalor_Canon_2015-01-03_05.12.30 2.jpg,0,0.34
Kalor_Canon_2015-01-03_05.12.30.jpg,0,0.43
Suki_Canon_2015-01-03_05.12.41 2.jpg,0,0.3433333333333333
Suki_Canon_2015-01-03_05.12.41.jpg,0,0.43333333333333335
Suki_Canon_2015-01-03_08.12.41 2.jpg,0,0.43
Suki_Canon_2015-01-03_08.12.41.jpg,0,0.42
Kalor_Canon_2015-01-03_11.13.04 2.jpg,0,0.3933333333333333
Kalor_Canon_2015-01-03_11.13.04.jpg,0,0.3933333333333333
Suki_Canon_2015-01-03_11.13.13 2.jpg,0,0.3933333333333333
Suki_Canon_2015-01-03_11.13.13.jpg,0,0.3933333333333333
Kalor_Canon_2015-01-03_17.13.04 2.jpg,1,0.81
Kalor_Canon_2015-01-03_17.13.04.jpg,1,0.78
Kalor_Canon_2015-01-04_00.12.53 2.jpg,0,0.44333333333333336
Kalor_Canon_2015-01-04_00.12.53.jpg,0,0.39
Suki_Canon_2015-01-04_00.12.41 2.jpg,0,0.44333333333333336
Suki_Canon_2015-01-04_00.12.41.jpg,0,0.4166666666666667
Kalor_Canon_2015-01-04_01.12.30 2.jpg,0,0.4066666666666667
Kalor_Canon_2015-01-04_01.12.30.jpg,0,0.37333333333333335
Suki_Canon_2015-01-04_01.12.41 2.jpg,0,0.37333333333333335
Suki_Canon_2015-01-04_01.12.41.jpg,0,0.38
Kalor_Canon_2015-01-04_02.12.31 2.jpg,0,0.38
Kalor_Canon_2015-01-04_02.12.31.jpg,0,0.3466666666666667
Suki_Canon_2015-01-04_02.12.41 2.jpg,0,0.3466666666666667
Suki_Canon_2015-01-04_02.12.41.jpg,0,0.34
Suki_Canon_2015-01-04_05.12.41 2.jpg,0,0.38
Suki_Canon_2015-01-04_05.12.41.jpg,0,0.43
Suki_Canon_2015-01-04_08.12.42 2.jpg,0,0.3433333333333333
Suki_Canon_2015-01-04_08.12.42.jpg,0,0.37333333333333335
Kalor_Canon_2015-01-04_11.13.02 2.jpg,0,0.3933333333333333
Kalor_Canon_2015-01-04_11.13.02.jpg,0,0.3933333333333333
Suki_Canon_2015-01-04_11.13.13 2.jpg,0,0.3
Suki_Canon_2015-01-04_11.13.13.jpg,0,0.3
Suki_Canon_2015-01-05_00.12.41 2.jpg,1,0.5433333333333333
Suki_Canon_2015-01-05_00.12.41.jpg,1,0.5266666666666666
Suki_Canon_2015-01-05_01.12.41 2.jpg,0,0.38
Suki_Canon_2015-01-05_01.12.41.jpg,0,0.37333333333333335
Kalor_Canon_2015-01-05_02.12.31 2.jpg,0,0.38
Kalor_Canon_2015-01-05_02.12.31.jpg,0,0.33666666666666667
Suki_Canon_2015-01-05_02.12.41 2.jpg,0,0.3466666666666667
Suki_Canon_2015-01-05_02.12.41.jpg,0,0.32666666666666666
Kalor_Canon_2015-01-05_05.12.31 2.jpg,0,0.38666666666666666
Kalor_Canon_2015-01-05_05.12.31.jpg,0,0.3433333333333333
Suki_Canon_2015-01-05_05.12.41 2.jpg,0,0.35333333333333333
Suki_Canon_2015-01-05_05.12.41.jpg,0,0.3466666666666667
Suki_Canon_2015-01-05_08.12.41 2.jpg,0,0.42333333333333334
Suki_Canon_2015-01-05_08.12.41.jpg,0,0.42333333333333334
Kalor_Canon_2015-01-05_11.13.03 2.jpg,0,0.3933333333333333
Kalor_Canon_2015-01-05_11.13.03.jpg,0,0.3933333333333333
Suki_Canon_2015-01-05_11.13.13 2.jpg,0,0.3933333333333333
Suki_Canon_2015-01-05_11.13.13.jpg,0,0.3933333333333333
Suki_Canon_2015-01-05_17.13.14 2.jpg,1,0.79
Suki_Canon_2015-01-05_17.13.14.jpg,1,0.6566666666666666
Suki_Canon_2015-01-05_23.12.41 2.jpg,1,0.79
Suki_Canon_2015-01-05_23.12.41.jpg,1,0.7433333333333333
Suki_Canon_2015-01-06_00.12.42 2.jpg,0,0.4066666666666667
Suki_Canon_2015-01-06_00.12.42.jpg,0,0.4066666666666667
Kalor_Canon_2015-01-06_01.12.31 2.jpg,0,0.4066666666666667
Kalor_Canon_2015-01-06_01.12.31.jpg,0,0.29333333333333333
Suki_Canon_2015-01-06_01.12.41 2.jpg,0,0.4066666666666667
Suki_Canon_2015-01-06_01.12.41.jpg,0,0.36666666666666664
Kalor_Canon_2015-01-06_02.12.32 2.jpg,0,0.38
Kalor_Canon_2015-01-06_02.12.32.jpg,0,0.3233333333333333
Suki_Canon_2015-01-06_02.12.41 2.jpg,0,0.38
Suki_Canon_2015-01-06_02.12.41.jpg,0,0.37333333333333335
Kalor_Canon_2015-01-06_05.12.31 2.jpg,0,0.38666666666666666
Kalor_Canon_2015-01-06_05.12.31.jpg,0,0.30333333333333334
Kalor_Canon_2015-01-07_05.12.31 2.jpg,0,0.38666666666666666
Kalor_Canon_2015-01-07_05.12.31.jpg,0,0.39666666666666667
Suki_Canon_2015-01-07_05.12.42 2.jpg,0,0.43
Suki_Canon_2015-01-07_05.12.42.jpg,0,0.43333333333333335
Kalor_Canon_2015-01-07_08.12.32.jpg,0,0.36333333333333334
Suki_Canon_2015-01-07_08.12.41.jpg,0,0.43
Suki_Canon_2015-01-07_11.13.13.jpg,0,0.31
Kalor_Canon_2015-01-07_17.13.05.jpg,1,0.79
Suki_Canon_2015-01-07_17.13.14.jpg,1,0.7833333333333333
Suki_Canon_2015-01-08_00.12.41.jpg,0,0.4166666666666667
Kalor_Canon_2015-01-08_01.12.32.jpg,0,0.38
Suki_Canon_2015-01-08_01.12.42.jpg,0,0.38
Kalor_Canon_2015-01-08_02.12.31.jpg,0,0.4266666666666667
Suki_Canon_2015-01-08_02.12.41.jpg,0,0.42333333333333334
Kalor_Canon_2015-01-08_05.12.31.jpg,0,0.2966666666666667
Suki_Canon_2015-01-08_05.12.42.jpg,0,0.31333333333333335
Kalor_Canon_2015-01-08_08.12.31.jpg,0,0.43
Suki_Canon_2015-01-08_08.12.42.jpg,0,0.43
Kalor_Canon_2015-01-08_11.13.04.jpg,0,0.3933333333333333
Suki_Canon_2015-01-08_11.13.13.jpg,0,0.31
Suki_Canon_2015-01-08_17.13.14.jpg,1,0.79
Suki_Canon_2015-01-09_00.12.42.jpg,1,0.51
Kalor_Canon_2015-01-09_01.12.31.jpg,0,0.48333333333333334
Suki_Canon_2015-01-09_01.12.41.jpg,0,0.48333333333333334
Kalor_Canon_2015-01-09_02.12.31.jpg,0,0.37
Suki_Canon_2015-01-09_02.12.41.jpg,0,0.39
Suki_Canon_2015-01-09_05.12.42.jpg,0,0.43333333333333335
Kalor_Canon_2015-01-09_08.12.32.jpg,0,0.42333333333333334
Suki_Canon_2015-01-09_08.12.41.jpg,0,0.2733333333333333
Suki_Canon_2015-01-09_11.13.13.jpg,0,0.3933333333333333
Kalor_Canon_2015-01-09_17.13.04.jpg,1,0.7533333333333333
Suki_Canon_2015-01-09_17.13.15.jpg,1,0.7833333333333333
Kalor_Canon_2015-01-09_23.12.53.jpg,1,0.75
Kalor_Canon_2015-01-10_00.12.52.jpg,0,0.37666666666666665
Suki_Canon_2015-01-10_00.12.42.jpg,0,0.38333333333333336
Kalor_Canon_2015-01-10_01.12.31.jpg,0,0.32666666666666666
Suki_Canon_2015-01-10_01.12.41.jpg,0,0.23666666666666666
Kalor_Canon_2015-01-10_02.12.32.jpg,0,0.2866666666666667
Suki_Canon_2015-01-10_02.12.41.jpg,0,0.3233333333333333
Kalor_Canon_2015-01-10_05.12.31.jpg,0,0.37666666666666665
Suki_Canon_2015-01-10_05.12.42.jpg,0,0.43333333333333335
Kalor_Canon_2015-01-10_08.12.32.jpg,0,0.36333333333333334
Suki_Canon_2015-01-10_08.12.41.jpg,0,0.43
Suki_Canon_2015-01-10_11.13.14.jpg,0,0.3933333333333333
Suki_Canon_2015-01-10_17.13.13.jpg,1,0.63
Suki_Canon_2015-01-10_23.12.42.jpg,1,0.7433333333333333
Kalor_Canon_2015-01-11_05.12.32.jpg,0,0.35333333333333333
Suki_Canon_2015-01-11_05.12.41.jpg,0,0.3466666666666667
Suki_Canon_2015-01-11_08.12.41.jpg,0,0.21
Kalor_Canon_2015-01-11_11.13.03.jpg,0,0.3933333333333333
Suki_Canon_2015-01-11_11.13.13.jpg,0,0.3933333333333333
Suki_Canon_2015-01-11_17.13.14.jpg,1,0.68
Suki_Canon_2015-01-11_23.12.41.jpg,1,0.7666666666666667
Kalor_Canon_2015-01-12_00.12.52.jpg,0,0.4066666666666667
Suki_Canon_2015-01-12_17.13.15.jpg,1,0.6766666666666666
Suki_Canon_2015-01-12_23.12.41.jpg,1,0.77
Suki_Canon_2015-01-13_00.12.41.jpg,0,0.4066666666666667
Suki_Canon_2015-01-13_17.13.14.jpg,1,0.6833333333333333
Kalor_Canon_2015-01-14_01.12.32.jpg,0,0.37333333333333335
Suki_Canon_2015-01-14_01.12.41.jpg,0,0.48333333333333334
Kalor_Canon_2015-01-14_02.12.31.jpg,0,0.42333333333333334
Suki_Canon_2015-01-14_02.12.42.jpg,0,0.42333333333333334
Kalor_Canon_2015-01-14_05.12.31.jpg,0,0.44333333333333336
Suki_Canon_2015-01-14_05.12.42.jpg,0,0.43333333333333335
Suki_Canon_2015-01-14_08.12.41.jpg,0,0.2733333333333333
Kalor_Canon_2015-01-14_11.12.32.jpg,0,0.32
Suki_Canon_2015-01-14_11.12.41.jpg,0,0.4066666666666667
Kalor_Canon_2015-01-14_17.13.05.jpg,1,0.9666666666666667
Suki_Canon_2015-01-14_17.13.14.jpg,1,0.7166666666666667
Suki_Canon_2015-01-15_01.12.41.jpg,0,0.4866666666666667
Kalor_Canon_2015-01-15_05.12.32.jpg,0,0.34
Suki_Canon_2015-01-15_05.12.41.jpg,0,0.4166666666666667
Suki_Canon_2015-01-15_08.12.42.jpg,0,0.43
Suki_Canon_2015-01-15_11.12.42.jpg,0,0.41
Suki_Canon_2015-01-15_17.13.14.jpg,1,0.6866666666666666
Suki_Canon_2015-01-15_23.12.41.jpg,1,0.77
Suki_Canon_2015-01-16_00.12.41.jpg,0,0.4033333333333333
Kalor_Canon_2015-01-16_01.12.31.jpg,0,0.34
Suki_Canon_2015-01-16_01.12.42.jpg,0,0.4
Kalor_Canon_2015-01-16_02.12.31.jpg,0,0.34
Suki_Canon_2015-01-16_02.12.41.jpg,0,0.3466666666666667
Kalor_Canon_2015-01-16_05.12.32.jpg,0,0.35333333333333333
Suki_Canon_2015-01-16_05.12.41.jpg,0,0.44333333333333336
Suki_Canon_2015-01-16_08.12.41.jpg,0,0.24
Kalor_Canon_2015-01-16_17.13.04.jpg,1,0.97
Suki_Canon_2015-01-16_17.13.25.jpg,1,0.68
Kalor_Canon_2015-01-16_22.13.00.jpg,1,0.6033333333333334
Kalor_Canon_2015-01-16_23.13.00.jpg,1,0.5633333333333334
Kalor_Canon_2015-01-17_00.13.00.jpg,0,0.2633333333333333
Kalor_Canon_2015-01-17_01.12.39.jpg,0,0.22666666666666666
Suki_Canon_2015-01-17_01.12.41.jpg,0,0.4
Kalor_Canon_2015-01-17_02.12.39.jpg,0,0.19333333333333333
Kalor_Canon_2015-01-17_05.12.39.jpg,0,0.20666666666666667
Kalor_Canon_2015-01-17_08.12.38.jpg,0,0.23
Suki_Canon_2015-01-17_08.12.42.jpg,0,0.24
Kalor_Canon_2015-01-17_17.12.38.jpg,1,0.5733333333333334
Suki_Canon_2015-01-17_17.13.14.jpg,1,0.68
Kalor_Canon_2015-01-17_22.13.00.jpg,1,0.6033333333333334
Suki_Canon_2015-01-18_00.12.41.jpg,1,0.5366666666666666
Suki_Canon_2015-01-18_01.12.41.jpg,0,0.4866666666666667
Kalor_Canon_2015-01-18_02.12.39.jpg,0,0.19333333333333333
Kalor_Canon_2015-01-18_05.12.38.jpg,0,0.20666666666666667
Suki_Canon_2015-01-18_05.12.41.jpg,0,0.38
Suki_Canon_2015-01-18_17.08.48.jpg,1,0.6833333333333333
Suki_Canon_2015-01-19_00.12.42.jpg,1,0.5433333333333333
Suki_Canon_2015-01-19_01.12.41.jpg,0,0.4866666666666667
Suki_Canon_2015-01-19_02.12.41.jpg,0,0.3466666666666667
Suki_Canon_2015-01-19_17.13.14.jpg,1,0.6866666666666666
Suki_Canon_2015-01-20_01.12.41.jpg,0,0.38333333333333336
Suki_Canon_2015-01-20_02.12.41.jpg,0,0.42333333333333334
Suki_Canon_2015-01-20_08.12.42.jpg,0,0.23333333333333334
Suki_Canon_2015-01-20_17.13.14.jpg,1,0.6833333333333333
Suki_Canon_2015-01-21_00.12.42.jpg,1,0.5433333333333333
Suki_Canon_2015-01-21_01.12.41.jpg,0,0.48333333333333334
Suki_Canon_2015-01-21_02.12.42.jpg,0,0.41333333333333333
Suki_Canon_2015-01-27_17.13.13.jpg,1,0.6833333333333333
Suki_Canon_2015-01-28_01.12.41.jpg,0,0.37333333333333335
Suki_Canon_2015-01-28_02.12.41.jpg,0,0.42333333333333334
Suki_Canon_2015-01-28_05.12.41.jpg,0,0.43333333333333335
Suki_Canon_2015-02-01_01.12.41.jpg,0,0.4166666666666667
Suki_Canon_2015-02-07_00.12.42.jpg,0,0.4266666666666667
Suki_Canon_2015-02-07_05.12.41.jpg,0,0.35333333333333333
Suki_Canon_2015-02-08_02.12.42.jpg,0,0.34
Suki_Canon_2015-02-09_05.12.41.jpg,0,0.35333333333333333
Suki_Canon_2015-02-09_08.12.41.jpg,0,0.43
Suki_Canon_2015-02-12_00.12.41.jpg,1,0.54
Suki_Canon_2015-02-13_01.12.41.jpg,0,0.4866666666666667
Suki_Canon_2015-02-13_02.12.42.jpg,0,0.4266666666666667
Suki_Canon_2015-02-14_02.12.41.jpg,0,0.3466666666666667
Suki_Canon_2015-02-15_00.12.41.jpg,1,0.5433333333333333
Suki_Canon_2015-02-16_00.12.41.jpg,0,0.43666666666666665
Suki_Canon_2015-02-16_01.12.42.jpg,0,0.36666666666666664
Suki_Canon_2015-02-16_02.12.41.jpg,0,0.33666666666666667
Suki_Canon_2015-02-18_08.12.41.jpg,0,0.23666666666666666
Suki_Canon_2015-03-06_08.12.41.jpg,0,0.43
Suki_Canon_2015-03-06_17.13.14.jpg,1,0.7433333333333333
Suki_Canon_2015-03-07_01.12.41.jpg,0,0.4866666666666667
Suki_Canon_2015-03-07_02.12.42.jpg,0,0.4266666666666667
Suki_Canon_2015-03-07_05.12.41.jpg,0,0.43333333333333335
Suki_Canon_2015-03-07_17.13.14.jpg,1,0.6566666666666666
Suki_Canon_2015-03-08_00.12.41.jpg,1,0.5433333333333333
Suki_Canon_2015-03-08_01.12.42.jpg,0,0.38
Suki_Canon_2015-03-08_08.12.42.jpg,0,0.43
Suki_Canon_2015-03-08_17.13.14.jpg,1,0.7833333333333333
Suki_Canon_2015-03-09_00.12.42.jpg,0,0.4166666666666667
Suki_Canon_2015-03-09_01.12.41.jpg,0,0.4866666666666667
Suki_Canon_2015-03-09_02.12.42.jpg,0,0.33666666666666667
Suki_Canon_2015-03-09_08.12.42.jpg,0,0.43
Suki_Canon_2015-03-09_17.13.14.jpg,1,0.6433333333333333
Suki_Canon_2015-03-10_00.12.41.jpg,0,0.4066666666666667
Suki_Canon_2015-03-10_01.12.41.jpg,0,0.38
Suki_Canon_2015-03-10_05.12.42.jpg,0,0.37333333333333335
Suki_Canon_2015-03-10_08.12.41.jpg,0,0.37333333333333335
Suki_Canon_2015-03-10_17.13.14.jpg,1,0.7466666666666667
Suki_Canon_2015-03-11_02.12.41.jpg,0,0.4266666666666667
Suki_Canon_2015-03-11_05.12.42.jpg,0,0.43333333333333335
Suki_Canon_2015-03-12_01.12.42.jpg,0,0.4866666666666667
Suki_Canon_2015-03-12_02.12.41.jpg,0,0.41
Suki_Canon_2015-03-13_01.12.42.jpg,0,0.37333333333333335
Suki_Canon_2015-03-13_02.12.41.jpg,0,0.3466666666666667
Suki_Canon_2015-03-13_08.12.41.jpg,0,0.42333333333333334
Suki_Canon_2015-03-14_01.12.41.jpg,0,0.48333333333333334
Suki_Canon_2015-03-14_02.12.41.jpg,0,0.37333333333333335
Suki_Canon_2015-03-14_08.12.42.jpg,0,0.3433333333333333
Suki_Canon_2015-03-14_17.13.14.jpg,1,0.6966666666666667
Suki_Canon_2015-03-14_23.12.42.jpg,1,0.77
Suki_Canon_2015-03-15_00.12.42.jpg,0,0.4166666666666667
Suki_Canon_2015-03-15_01.12.40.jpg,0,0.37333333333333335
Suki_Canon_2015-03-15_02.12.41.jpg,0,0.3333333333333333
Suki_Canon_2015-03-15_05.12.41.jpg,0,0.34
Suki_Canon_2015-03-15_08.12.41.jpg,0,0.4033333333333333
Suki_Canon_2015-03-16_01.12.41.jpg,0,0.48333333333333334
Suki_Canon_2015-03-16_02.12.41.jpg,0,0.4266666666666667
Suki_Canon_2015-03-16_05.12.41.jpg,0,0.35
Suki_Canon_2015-03-16_08.12.41.jpg,0,0.37333333333333335
Suki_Canon_2015-03-17_00.12.41.jpg,0,0.4166666666666667
Suki_Canon_2015-03-17_02.12.41.jpg,0,0.3333333333333333
Suki_Canon_2015-03-17_05.12.41.jpg,0,0.3433333333333333
Suki_Canon_2015-03-17_17.13.14.jpg,1,0.71
Suki_Canon_2015-03-18_00.12.42.jpg,0,0.4166666666666667
Suki_Canon_2015-03-18_01.12.41.jpg,0,0.38
Suki_Canon_2015-03-18_02.12.41.jpg,0,0.34
Suki_Canon_2015-03-19_08.12.41.jpg,0,0.22
